dt,x,y,left.pos,left.vel,left.acc,left.jerk,center.pos,center.vel,center.acc,center.jerk,right.pos,right.vel,right.acc,right.jerk,heading
0.02,4.3060,0.0000,0.0060,0.3000,15.0000,0.0000,0.0060,0.3000,15.0000,0.0000,0.0060,0.3000,15.0000,0.0000,0.0000
0.02,4.3180,0.0000,0.0180,0.5984,14.9177,-4.1140,0.0180,0.6000,15.0000,0.0000,0.0180,0.6016,15.0823,4.1140,0.0000
0.02,4.3360,0.0000,0.0359,0.8945,14.8056,-5.6046,0.0360,0.9000,15.0000,0.0000,0.0361,0.9055,15.1944,5.6046,0.0001
0.02,4.3600,0.0000,0.0596,1.1870,14.6242,-9.0696,0.0600,1.2000,15.0000,0.0000,0.0604,1.2130,15.3758,9.0696,0.0004
0.02,4.3900,0.0000,0.0891,1.4747,14.3862,-11.9007,0.0900,1.5000,15.0000,0.0000,0.0909,1.5253,15.6138,11.9006,0.0008
0.02,4.4260,0.0001,0.1242,1.7566,14.0943,-14.5962,0.1260,1.8000,15.0000,0.0000,0.1278,1.8434,15.9057,14.5961,0.0016
0.02,4.4680,0.0002,0.1649,2.0316,13.7512,-17.1554,0.1680,2.1000,15.0000,0.0000,0.1711,2.1684,16.2488,17.1552,0.0028
0.02,4.5160,0.0003,0.2108,2.2988,13.3593,-19.5957,0.2160,2.4000,15.0000,0.0000,0.2212,2.5012,16.6407,19.5952,0.0046
0.02,4.5700,0.0006,0.2620,2.5572,12.9202,-21.9521,0.2700,2.7000,15.0000,0.0000,0.2780,2.8428,17.0797,21.9511,0.0071
0.02,4.6300,0.0012,0.3181,2.8059,12.4347,-24.2760,0.3300,3.0000,15.0000,0.0000,0.3419,3.1941,17.5652,24.2742,0.0106
0.02,4.6960,0.0020,0.3790,3.0439,11.9021,-26.6322,0.3960,3.3000,15.0000,0.0000,0.4130,3.5561,18.0978,26.6292,0.0151
0.02,4.7680,0.0033,0.4444,3.2703,11.3202,-29.0945,0.4680,3.6000,15.0000,0.0000,0.4916,3.9297,18.6796,29.0898,0.0210
0.02,4.8460,0.0052,0.5141,3.4840,10.6854,-31.7395,0.5460,3.9000,15.0000,0.0000,0.5779,4.3160,19.3142,31.7324,0.0284
0.02,4.9299,0.0080,0.5877,3.6839,9.9926,-34.6380,0.6300,4.2000,15.0000,0.0000,0.6723,4.7161,20.0068,34.6274,0.0376
0.02,5.0198,0.0119,0.6651,3.8686,9.2358,-37.8417,0.7200,4.5000,15.0000,0.0000,0.7749,5.1314,20.7633,37.8264,0.0488
0.02,5.1157,0.0172,0.7458,4.0368,8.4085,-41.3645,0.8160,4.8000,15.0000,0.0000,0.8862,5.5632,21.5902,41.3430,0.0624
0.02,5.2174,0.0244,0.8296,4.1869,7.5054,-45.1532,0.9180,5.1000,15.0000,0.0000,1.0064,6.0130,22.4926,45.1232,0.0786
0.02,5.3250,0.0339,0.9159,4.3174,6.5246,-49.0436,1.0260,5.4000,15.0000,0.0000,1.1361,6.4825,23.4727,49.0028,0.0978
0.02,5.4383,0.0463,1.0045,4.4268,5.4706,-52.6977,1.1400,5.7000,15.0000,0.0000,1.2755,6.9730,24.5256,52.6428,0.1205
0.02,5.5573,0.0622,1.0947,4.5140,4.3603,-55.5149,1.2600,6.0000,15.0000,0.0000,1.4252,7.4857,25.6344,55.4427,0.1469
0.02,5.6816,0.0825,1.1863,4.5786,3.2299,-56.5231,1.3860,6.3000,15.0000,0.0000,1.5857,8.0209,26.7630,56.4303,0.1775
0.02,5.8111,0.1081,1.2787,4.6215,2.1446,-54.2649,1.5180,6.6000,15.0000,0.0000,1.7572,8.5779,27.8460,54.1497,0.2127
0.02,5.9454,0.1399,1.3717,4.6457,1.2099,-46.7336,1.6560,6.9000,15.0000,0.0000,1.9403,9.1534,28.7780,46.5979,0.2527
0.02,6.0801,0.1778,1.4623,4.5304,-5.7636,-348.6731,1.7960,7.0000,15.0000,0.0000,2.1297,9.4685,15.7535,-651.2215,0.2966
0.02,6.2130,0.2218,1.5496,4.3651,-8.2646,-125.0491,1.9360,7.0000,15.0000,0.0000,2.3223,9.6336,8.2568,-374.8376,0.3435
0.02,6.3436,0.2722,1.6341,4.2261,-6.9492,65.7671,2.0760,7.0000,15.0000,0.0000,2.5178,9.7725,6.9423,-65.7248,0.3928
0.02,6.4716,0.3290,1.7165,4.1210,-5.2577,84.5772,2.2160,7.0000,15.0000,0.0000,2.7153,9.8775,5.2522,-84.5047,0.4440
0.02,6.5964,0.3924,1.7976,4.0560,-3.2477,100.4985,2.3560,7.0000,15.0000,0.0000,2.9142,9.9424,3.2442,-100.3987,0.4963
0.02,6.7177,0.4623,1.8783,4.0354,-1.0296,110.9046,2.4960,7.0000,15.0000,0.0000,3.1134,9.9630,1.0285,-110.7863,0.5490
0.02,6.8351,0.5385,1.9595,4.0604,1.2479,113.8739,2.6360,7.0000,15.0000,0.0000,3.3122,9.9380,-1.2465,-113.7498,0.6012
0.02,6.9485,0.6206,2.0421,4.1288,3.4236,108.7845,2.7760,7.0000,15.0000,0.0000,3.5096,9.8696,-3.4199,-108.6689,0.6523
0.02,7.0576,0.7083,2.1268,4.2359,5.3539,96.5172,2.9160,7.0000,15.0000,0.0000,3.7048,9.7627,-5.3483,-96.4224,0.7014
0.02,7.1624,0.8011,2.2143,4.3747,6.9372,79.1630,3.0560,7.0000,15.0000,0.0000,3.8973,9.6241,-6.9303,-79.0964,0.7481
0.02,7.2629,0.8986,2.3051,4.5372,8.1248,59.3812,3.1960,7.0000,15.0000,0.0000,4.0866,9.4617,-8.1172,-59.3448,0.7918
0.02,7.3591,1.0002,2.3994,4.7155,8.9189,39.7042,3.3360,7.0000,15.0000,0.0000,4.2722,9.2835,-8.9111,-39.6950,0.8324
0.02,7.4514,1.1055,2.4974,4.9027,9.3598,22.0459,3.4760,7.0000,15.0000,0.0000,4.4542,9.0965,-9.3522,-22.0582,0.8697
0.02,7.5398,1.2140,2.5993,5.0929,9.5101,7.5171,3.6160,7.0000,15.0000,0.0000,4.6323,8.9064,-9.5031,-7.5441,0.9036
0.02,7.6247,1.3253,2.7049,5.2817,9.4400,-3.5053,3.7560,7.0000,15.0000,0.0000,4.8066,8.7177,-9.4337,3.4696,0.9342
0.02,7.7064,1.4390,2.8143,5.4661,9.2166,-11.1728,3.8960,7.0000,15.0000,0.0000,4.9773,8.5335,-9.2110,11.1337,0.9614
0.02,7.7851,1.5548,2.9271,5.6440,8.8978,-15.9386,4.0360,7.0000,15.0000,0.0000,5.1444,8.3556,-8.8931,15.8994,0.9855
0.02,7.8612,1.6723,3.0434,5.8146,8.5304,-18.3711,4.1760,7.0000,15.0000,0.0000,5.3081,8.1851,-8.5264,18.3339,1.0066
0.02,7.9349,1.7913,3.1630,5.9776,8.1497,-19.0319,4.3160,7.0000,15.0000,0.0000,5.4686,8.0222,-8.1464,18.9980,1.0248
0.02,8.0067,1.9115,3.2856,6.1333,7.7815,-18.4108,4.4560,7.0000,15.0000,0.0000,5.6259,7.8666,-7.7788,18.3805,1.0402
0.02,8.0767,2.0328,3.4113,6.2821,7.4435,-16.9016,4.5960,7.0000,15.0000,0.0000,5.7803,7.7178,-7.4413,16.8748,1.0529
0.02,8.1454,2.1548,3.5398,6.4251,7.1474,-14.8022,4.7360,7.0000,15.0000,0.0000,5.9317,7.5749,-7.1457,14.7786,1.0632
0.02,8.2129,2.2774,3.6710,6.5631,6.9009,-12.3271,4.8760,7.0000,15.0000,0.0000,6.0805,7.4369,-6.8996,12.3064,1.0709
0.02,8.2797,2.4005,3.8050,6.6973,6.7084,-9.6240,5.0160,7.0000,15.0000,0.0000,6.2265,7.3027,-6.7075,9.6053,1.0763
0.02,8.3459,2.5238,3.9416,6.8287,6.5726,-6.7896,5.1560,7.0000,15.0000,0.0000,6.3700,7.1713,-6.5721,6.7726,1.0794
0.02,8.4119,2.6473,4.0807,6.9586,6.4949,-3.8852,5.2960,7.0000,15.0000,0.0000,6.5108,7.0414,-6.4947,3.8693,1.0801
0.02,8.4779,2.7707,4.2225,7.0881,6.4759,-0.9488,5.4360,7.0000,15.0000,0.0000,6.6490,6.9119,-6.4760,0.9333,1.0785
0.02,8.5443,2.8940,4.3669,7.2185,6.5158,1.9944,5.5760,7.0000,15.0000,0.0000,6.7847,6.7815,-6.5162,-2.0100,1.0746
0.02,8.6113,3.0169,4.5139,7.3507,6.6143,4.9219,5.7160,7.0000,15.0000,0.0000,6.9176,6.6492,-6.6150,-4.9382,1.0684
0.02,8.6792,3.1393,4.6636,7.4861,6.7704,7.8051,5.8560,7.0000,15.0000,0.0000,7.0479,6.5138,-6.7714,-7.8226,1.0598
0.02,8.7484,3.2611,4.8161,7.6258,6.9824,10.5990,5.9960,7.0000,15.0000,0.0000,7.1754,6.3741,-6.9838,-10.6183,1.0486
0.02,8.8190,3.3819,4.9715,7.7707,7.2470,13.2310,6.1360,7.0000,15.0000,0.0000,7.3000,6.2292,-7.2488,-13.2527,1.0349
0.02,8.8914,3.5017,5.1300,7.9219,7.5587,15.5878,6.2760,7.0000,15.0000,0.0000,7.4215,6.0779,-7.5611,-15.6124,1.0186
0.02,8.9660,3.6202,5.2916,8.0801,7.9087,17.4996,6.4160,7.0000,15.0000,0.0000,7.5399,5.9197,-7.9116,-17.5277,0.9993
0.02,9.0430,3.7372,5.4565,8.2457,8.2832,18.7241,6.5560,7.0000,15.0000,0.0000,7.6550,5.7540,-8.2868,-18.7557,0.9772
0.02,9.1227,3.8522,5.6249,8.4190,8.6618,18.9298,6.6960,7.0000,15.0000,0.0000,7.7666,5.5806,-8.6661,-18.9650,0.9520
0.02,9.2055,3.9651,5.7969,8.5993,9.0156,17.6881,6.8360,7.0000,15.0000,0.0000,7.8746,5.4002,-9.0206,-17.7262,0.9235
0.02,9.2917,4.0755,5.9726,8.7854,9.3051,14.4795,6.9760,7.0000,15.0000,0.0000,7.9789,5.2140,-9.3110,-14.5191,0.8918
0.02,9.3814,4.1829,6.1521,8.9750,9.4798,8.7310,7.1160,7.0000,15.0000,0.0000,8.0794,5.0243,-9.4863,-8.7693,0.8567
0.02,9.4751,4.2869,6.3354,9.1645,9.4778,-0.1005,7.2560,7.0000,15.0000,0.0000,8.1761,4.8346,-9.4850,0.0673,0.8182
0.02,9.5729,4.3871,6.5223,9.3491,9.2301,-12.3821,7.3960,7.0000,15.0000,0.0000,8.2691,4.6498,-9.2378,12.3596,0.7764
0.02,9.6749,4.4829,6.7128,9.5225,8.6681,-28.1008,7.5360,7.0000,15.0000,0.0000,8.3586,4.4763,-8.6759,28.0955,0.7315
0.02,9.7813,4.5740,6.9063,9.6772,7.7354,-46.6343,7.6760,7.0000,15.0000,0.0000,8.4450,4.3215,-7.7428,46.6527,0.6839
0.02,9.8919,4.6597,7.1024,9.8053,6.4038,-66.5805,7.8160,7.0000,15.0000,0.0000,8.5289,4.1933,-6.4103,66.6276,0.6340
0.02,10.0068,4.7397,7.3004,9.8991,4.6884,-85.7685,7.9560,7.0000,15.0000,0.0000,8.6109,4.0994,-4.6934,85.8458,0.5825
0.02,10.1257,4.8136,7.4995,9.9522,2.6573,-101.5543,8.0960,7.0000,15.0000,0.0000,8.6918,4.0462,-2.6602,101.6577,0.5300
0.02,10.2483,4.8812,7.6987,9.9608,0.4293,-111.4048,8.2360,7.0000,15.0000,0.0000,8.7726,4.0376,-0.4297,111.5250,0.4773
0.02,10.3743,4.9422,7.8972,9.9239,-1.8429,-113.6082,8.3760,7.0000,15.0000,0.0000,8.8541,4.0745,1.8449,113.7319,0.4253
0.02,10.5032,4.9967,8.0940,9.8439,-3.9993,-107.8180,8.5160,7.0000,15.0000,0.0000,8.9372,4.1546,4.0035,107.9310,0.3747
0.02,10.6347,5.0448,8.2886,9.7259,-5.9027,-95.1711,8.6560,7.0000,15.0000,0.0000,9.0226,4.2727,5.9088,95.2617,0.3263
0.02,10.7683,5.0866,8.4801,9.5767,-7.4611,-77.9195,8.7960,7.0000,15.0000,0.0000,9.1111,4.4221,7.4684,77.9812,0.2804
0.02,10.9036,5.1224,8.6682,9.4039,-8.6363,-58.7608,8.9360,7.0000,15.0000,0.0000,9.2030,4.5950,8.6442,58.7926,0.2377
0.02,11.0403,5.1526,8.8525,9.2152,-9.4396,-40.1666,9.0760,7.0000,15.0000,0.0000,9.2986,4.7839,9.4477,40.1719,0.1983
0.02,11.1780,5.1777,9.0328,9.0168,-9.9185,-23.9453,9.2160,7.0000,15.0000,0.0000,9.3983,4.9825,9.9263,23.9301,0.1624
0.02,11.3165,5.1981,9.2091,8.8140,-10.1407,-11.1106,9.3560,7.0000,15.0000,0.0000,9.5020,5.1854,10.1479,11.0817,0.1302
0.02,11.4556,5.2142,9.3813,8.6104,-10.1805,-1.9859,9.4960,7.0000,15.0000,0.0000,9.6098,5.3892,10.1869,1.9491,0.1015
0.02,11.5950,5.2266,9.5495,8.4082,-10.1089,3.5778,9.6360,7.0000,15.0000,0.0000,9.7216,5.5915,10.1145,-3.6180,0.0765
0.02,11.7347,5.2358,9.7136,8.2084,-9.9894,5.9741,9.7760,7.0000,15.0000,0.0000,9.8374,5.7913,9.9942,-6.0145,0.0550
0.02,11.8746,5.2422,9.8738,8.0109,-9.8762,5.6592,9.9160,7.0000,15.0000,0.0000,9.9572,5.9889,9.8803,-5.6982,0.0371
0.02,12.0145,5.2463,10.0301,7.8146,-9.8156,3.0308,10.0560,7.0000,15.0000,0.0000,10.0809,6.1853,9.8189,-3.0677,0.0226
0.02,12.1545,5.2487,10.1825,7.6176,-9.8485,-1.6422,10.1960,7.0000,15.0000,0.0000,10.2086,6.3823,9.8511,1.6071,0.0116
0.02,12.2945,5.2497,10.3308,7.4173,-10.0137,-8.2590,10.3360,7.0000,15.0000,0.0000,10.3402,6.5827,10.0156,8.2245,0.0042
0.02,12.4345,5.2500,10.4750,7.2103,-10.3519,-16.9107,10.4760,7.0000,15.0000,0.0000,10.4760,6.7897,10.3531,16.8750,0.0004
0.02,12.5745,5.2500,10.6155,7.0243,-9.2974,52.7234,10.6160,7.0000,15.0000,0.0000,10.6155,6.9757,9.2978,-52.7627,0.0000
0.02,12.7205,5.2500,10.7615,7.3000,13.7836,1154.0474,10.7620,7.3000,15.0000,0.0000,10.7615,7.3000,16.2165,345.9323,0.0000
0.02,12.8725,5.2500,10.9135,7.6000,15.0000,60.8224,10.9140,7.6000,15.0000,0.0000,10.9135,7.6000,15.0000,-60.8227,0.0000
0.02,13.0305,5.2500,11.0715,7.9000,15.0000,0.0000,11.0720,7.9000,15.0000,0.0000,11.0715,7.9000,15.0000,0.0000,0.0000
0.02,13.1945,5.2500,11.2355,8.2000,15.0000,0.0000,11.2360,8.2000,15.0000,0.0000,11.2355,8.2000,15.0000,0.0000,0.0000
0.02,13.3645,5.2500,11.4055,8.5000,15.0000,0.0000,11.4060,8.5000,15.0000,0.0000,11.4055,8.5000,15.0000,0.0000,0.0000
0.02,13.5405,5.2500,11.5815,8.8000,15.0000,0.0000,11.5820,8.8000,15.0000,0.0000,11.5815,8.8000,15.0000,0.0000,0.0000
0.02,13.7225,5.2500,11.7635,9.1000,15.0000,0.0000,11.7640,9.1000,15.0000,0.0000,11.7635,9.1000,15.0000,0.0000,0.0000
0.02,13.9105,5.2500,11.9515,9.4000,15.0000,0.0000,11.9520,9.4000,15.0000,0.0000,11.9515,9.4000,15.0000,0.0000,0.0000
0.02,14.1045,5.2500,12.1455,9.7000,15.0000,0.0000,12.1460,9.7000,15.0000,0.0000,12.1455,9.7000,15.0000,0.0000,0.0000
0.02,14.3045,5.2500,12.3455,10.0000,15.0000,0.0000,12.3460,10.0000,15.0000,0.0000,12.3455,10.0000,15.0000,0.0000,0.0000
0.02,14.5045,5.2500,12.5455,10.0000,0.0000,-750.0000,12.5460,10.0000,15.0000,0.0000,12.5455,10.0000,0.0000,-750.0000,0.0000
0.02,14.7045,5.2500,12.7455,10.0000,0.0000,0.0000,12.7460,10.0000,15.0000,0.0000,12.7455,10.0000,0.0000,0.0000,0.0000
0.02,14.9045,5.2500,12.9455,10.0000,0.0000,0.0000,12.9460,10.0000,15.0000,0.0000,12.9455,10.0000,0.0000,0.0000,0.0000
0.02,15.1045,5.2500,13.1455,10.0000,0.0000,0.0000,13.1460,10.0000,15.0000,0.0000,13.1455,10.0000,0.0000,0.0000,0.0000
0.02,15.3045,5.2500,13.3455,10.0000,0.0000,0.0000,13.3460,10.0000,15.0000,0.0000,13.3455,10.0000,0.0000,0.0000,0.0000
0.02,15.5045,5.2500,13.5455,10.0000,0.0000,0.0000,13.5460,10.0000,15.0000,0.0000,13.5455,10.0000,0.0000,0.0000,0.0000
0.02,15.7045,5.2500,13.7455,10.0000,0.0000,0.0000,13.7460,10.0000,15.0000,0.0000,13.7455,10.0000,0.0000,0.0000,0.0000
0.02,15.9045,5.2500,13.9455,10.0000,0.0000,0.0000,13.9460,10.0000,15.0000,0.0000,13.9455,10.0000,0.0000,0.0000,0.0000
0.02,16.1045,5.2500,14.1455,10.0000,0.0000,0.0000,14.1460,10.0000,15.0000,0.0000,14.1455,10.0000,0.0000,0.0000,0.0000
0.02,16.3045,5.2500,14.3455,10.0000,0.0000,0.0000,14.3460,10.0000,15.0000,0.0000,14.3455,10.0000,0.0000,0.0000,0.0000
0.02,16.5045,5.2500,14.5455,10.0000,0.0000,0.0000,14.5460,10.0000,15.0000,0.0000,14.5455,10.0000,0.0000,0.0000,0.0000
0.02,16.7045,5.2500,14.7455,10.0000,0.0000,0.0000,14.7460,10.0000,15.0000,0.0000,14.7455,10.0000,0.0000,0.0000,0.0000
0.02,16.9045,5.2500,14.9455,10.0000,0.0000,0.0000,14.9460,10.0000,15.0000,0.0000,14.9455,10.0000,0.0000,0.0000,0.0000
0.02,17.1045,5.2500,15.1455,10.0000,0.0000,0.0000,15.1460,10.0000,15.0000,0.0000,15.1455,10.0000,0.0000,0.0000,0.0000
0.02,17.3045,5.2500,15.3455,10.0000,0.0000,0.0000,15.3460,10.0000,15.0000,0.0000,15.3455,10.0000,0.0000,0.0000,0.0000
0.02,17.4985,5.2500,15.5395,9.7000,-15.0000,-750.0000,15.5400,9.7000,-15.0000,0.0000,15.5395,9.7000,-15.0000,-750.0000,0.0000
0.02,17.6865,5.2500,15.7275,9.4000,-15.0000,0.0000,15.7280,9.4000,-15.0000,0.0000,15.7275,9.4000,-15.0000,0.0000,0.0000
0.02,17.8685,5.2500,15.9095,9.1000,-15.0000,0.0000,15.9100,9.1000,-15.0000,0.0000,15.9095,9.1000,-15.0000,0.0000,0.0000
0.02,18.0445,5.2500,16.0855,8.8000,-15.0000,0.0000,16.0860,8.8000,-15.0000,0.0000,16.0855,8.8000,-15.0000,0.0000,0.0000
0.02,18.2145,5.2500,16.2555,8.5000,-15.0000,0.0000,16.2560,8.5000,-15.0000,0.0000,16.2555,8.5000,-15.0000,0.0000,0.0000
0.02,18.3785,5.2500,16.4195,8.2000,-15.0000,0.0000,16.4200,8.2000,-15.0000,0.0000,16.4195,8.2000,-15.0000,0.0000,0.0000
0.02,18.5365,5.2500,16.5775,7.9000,-15.0000,0.0000,16.5780,7.9000,-15.0000,0.0000,16.5775,7.9000,-15.0000,0.0000,0.0000
0.02,18.6885,5.2500,16.7295,7.6000,-15.0000,0.0000,16.7300,7.6000,-15.0000,0.0000,16.7295,7.6000,-15.0000,0.0000,0.0000
0.02,18.8345,5.2500,16.8755,7.3000,-15.0000,0.0000,16.8760,7.3000,-15.0000,0.0000,16.8755,7.3000,-15.0000,0.0000,0.0000
0.02,18.9745,5.2500,17.0155,7.0000,-15.0000,0.0000,17.0160,7.0000,-15.0000,0.0000,17.0155,7.0000,-15.0000,0.0000,0.0000
0.02,19.1085,5.2500,17.1495,6.7000,-15.0000,0.0000,17.1500,6.7000,-15.0000,0.0000,17.1495,6.7000,-15.0000,0.0000,0.0000
0.02,19.2365,5.2500,17.2775,6.4000,-15.0000,0.0000,17.2780,6.4000,-15.0000,0.0000,17.2775,6.4000,-15.0000,0.0000,0.0000
0.02,19.3585,5.2500,17.3995,6.1000,-15.0000,0.0000,17.4000,6.1000,-15.0000,0.0000,17.3995,6.1000,-15.0000,0.0000,0.0000
0.02,19.4745,5.2500,17.5155,5.8000,-15.0000,0.0000,17.5160,5.8000,-15.0000,0.0000,17.5155,5.8000,-15.0000,0.0000,0.0000
0.02,19.5000,5.2500,17.5410,1.2750,-226.2516,-10562.5798,17.5415,5.5000,-15.0000,0.0000,17.5410,1.2750,-226.2516,-10562.5798,0.0000
0.02,19.6100,5.2499,17.6532,5.6109,216.7956,22152.3594,17.6515,5.5000,15.0000,0.0000,17.6488,5.3891,205.7075,21597.9550,-0.0020
0.02,19.7200,5.2494,17.7698,5.8265,10.7786,-10300.8501,17.7615,5.5000,15.0000,0.0000,17.7523,5.1735,-10.7793,-10824.3389,-0.0078
0.02,19.8300,5.2481,17.8905,6.0384,10.5976,-9.0476,17.8715,5.5000,15.0000,0.0000,17.8515,4.9616,-10.5990,9.0154,-0.0173
0.02,19.9400,5.2455,18.0156,6.2535,10.7568,7.9576,17.9815,5.5000,15.0000,0.0000,17.9464,4.7464,-10.7588,-7.9918,-0.0307
0.02,20.0499,5.2412,18.1452,6.4781,11.2292,23.6218,18.0915,5.5000,15.0000,0.0000,18.0369,4.5217,-11.2320,-23.6620,-0.0481
0.02,20.1597,5.2347,18.2795,6.7182,12.0048,38.7796,18.2015,5.5000,15.0000,0.0000,18.1225,4.2816,-12.0086,-38.8297,-0.0698
0.02,20.2693,5.2257,18.4191,6.9799,13.0823,53.8729,18.3115,5.5000,15.0000,0.0000,18.2029,4.0198,-13.0874,-53.9376,-0.0961
0.02,20.3786,5.2134,18.5645,7.2691,14.4597,68.8703,18.4215,5.5000,15.0000,0.0000,18.2775,3.7305,-14.4665,-68.9548,-0.1276
0.02,20.4874,5.1975,18.7163,7.5915,16.1204,83.0355,18.5315,5.5000,15.0000,0.0000,18.3457,3.4079,-16.1294,-83.1460,-0.1648
0.02,20.5955,5.1771,18.8754,7.9517,18.0106,94.5124,18.6415,5.5000,15.0000,0.0000,18.4066,3.0474,-18.0225,-94.6542,-0.2083
0.02,20.7026,5.1517,19.0424,8.3518,20.0050,99.7188,18.7515,5.5000,15.0000,0.0000,18.4596,2.6470,-20.0204,-99.8946,-0.2591
0.02,20.8080,5.1205,19.2182,8.7890,21.8589,92.6967,18.8615,5.5000,15.0000,0.0000,18.5037,2.2095,-21.8784,-92.9005,-0.3176
0.02,20.9113,5.0828,19.4032,9.2521,23.1576,64.9349,18.9715,5.5000,15.0000,0.0000,18.5387,1.7458,-23.1813,-65.1440,-0.3843
0.02,21.0117,5.0378,19.5976,9.7180,23.2943,6.8314,19.0815,5.5000,15.0000,0.0000,18.5642,1.2794,-23.3212,-6.9956,-0.4593
0.02,21.1082,4.9851,19.8006,10.1489,21.5427,-87.5791,19.1915,5.5000,15.0000,0.0000,18.5812,0.8480,-21.5704,87.5387,-0.5420
0.02,21.1998,4.9243,20.0105,10.4948,17.2978,-212.2464,19.3015,5.5000,15.0000,0.0000,18.5912,0.5016,-17.3220,212.4180,-0.6309
0.02,21.2855,4.8554,20.2246,10.7042,10.4679,-341.4948,19.4115,5.5000,15.0000,0.0000,18.5971,0.2919,-10.4836,341.9240,-0.7235
0.02,21.3644,4.7788,20.4394,10.7402,1.8003,-433.3765,19.5215,5.5000,15.0000,0.0000,18.6022,0.2558,-1.8031,434.0212,-0.8167
0.02,21.4360,4.6953,20.6513,10.5960,-7.2061,-450.3208,19.6315,5.5000,15.0000,0.0000,18.6102,0.4002,7.2171,451.0123,-0.9073
0.02,21.4999,4.6059,20.8572,10.2981,-14.8990,-384.6469,19.7415,5.5000,15.0000,0.0000,18.6242,0.6986,14.9205,385.1717,-0.9927
0.02,21.5563,4.5114,21.0551,9.8943,-20.1861,-264.3540,19.8515,5.5000,15.0000,0.0000,18.6462,1.1029,20.2130,264.6254,-1.0709
0.02,21.6055,4.4131,21.2439,9.4375,-22.8446,-132.9266,19.9615,5.5000,15.0000,0.0000,18.6774,1.5603,22.8722,132.9591,-1.1409
0.02,21.6482,4.3117,21.4233,8.9710,-23.3244,-23.9896,20.0715,5.5000,15.0000,0.0000,18.7180,2.0273,23.3495,23.8616,-1.2026
0.02,21.6849,4.2081,21.5938,8.5241,-22.3427,49.0846,20.1815,5.5000,15.0000,0.0000,18.7675,2.4746,22.3638,-49.2853,-1.2564
0.02,21.7165,4.1027,21.7560,8.1127,-20.5705,88.6100,20.2915,5.5000,15.0000,0.0000,18.8252,2.8863,20.5873,-88.8213,-1.3029
0.02,21.7434,3.9960,21.9109,7.7427,-18.4987,103.5926,20.4015,5.5000,15.0000,0.0000,18.8903,3.2565,18.5117,-103.7820,-1.3428
0.02,21.7664,3.8885,22.0592,7.4141,-16.4309,103.3872,20.5115,5.5000,15.0000,0.0000,18.9620,3.5854,16.4408,-103.5430,-1.3768
0.02,21.7860,3.7802,22.2016,7.1235,-14.5288,95.1079,20.6215,5.5000,15.0000,0.0000,19.0396,3.8761,14.5362,-95.2302,-1.4057
0.02,21.8027,3.6715,22.3390,6.8663,-12.8621,83.3343,20.7315,5.5000,15.0000,0.0000,19.1222,4.1334,12.8677,-83.4281,-1.4299
0.02,21.8170,3.5625,22.4717,6.6373,-11.4485,70.6794,20.8415,5.5000,15.0000,0.0000,19.2095,4.3625,11.4527,-70.7503,-1.4502
0.02,21.8293,3.4532,22.6003,6.4317,-10.2792,58.4647,20.9515,5.5000,15.0000,0.0000,19.3008,4.5681,10.2823,-58.5182,-1.4667
0.02,21.8400,3.3437,22.7252,6.2451,-9.3343,47.2458,21.0615,5.5000,15.0000,0.0000,19.3959,4.7549,9.3366,-47.2865,-1.4800
0.02,21.8494,3.2341,22.8467,6.0732,-8.5911,37.1578,21.1715,5.5000,15.0000,0.0000,19.4945,4.9267,8.5928,-37.1891,-1.4902
0.02,21.8578,3.1244,22.9650,5.9127,-8.0287,28.1209,21.2815,5.5000,15.0000,0.0000,19.5962,5.0873,8.0299,-28.1456,-1.4975
0.02,21.8656,3.0147,23.0802,5.7601,-7.6296,19.9551,21.3915,5.5000,15.0000,0.0000,19.7010,5.2399,7.6304,-19.9752,-1.5021
0.02,21.8730,2.9049,23.1924,5.6124,-7.3808,12.4396,21.5015,5.5000,15.0000,0.0000,19.8088,5.3876,7.3812,-12.4569,-1.5041
0.02,21.8803,2.7952,23.3018,5.4670,-7.2740,5.3408,21.6115,5.5000,15.0000,0.0000,19.9194,5.5330,7.2741,-5.3565,-1.5035
0.02,21.8879,2.6854,23.4082,5.3209,-7.3055,-1.5769,21.7215,5.5000,15.0000,0.0000,20.0330,5.6791,7.3053,1.5615,-1.5004
0.02,21.8959,2.5757,23.5116,5.1713,-7.4765,-8.5487,21.8315,5.5000,15.0000,0.0000,20.1496,5.8287,7.4760,8.5324,-1.4945
0.02,21.9047,2.4661,23.6119,5.0155,-7.7927,-15.8099,21.9415,5.5000,15.0000,0.0000,20.2693,5.9845,7.7918,15.7915,-1.4859
0.02,21.9147,2.3565,23.7089,4.8502,-8.2646,-23.5961,22.0515,5.5000,15.0000,0.0000,20.3923,6.1498,8.2633,23.5741,-1.4744
0.02,21.9260,2.2471,23.8024,4.6720,-8.9074,-32.1376,22.1615,5.5000,15.0000,0.0000,20.5188,6.3279,8.9055,32.1102,-1.4596
0.02,21.9392,2.1379,23.8919,4.4772,-9.7402,-41.6421,22.2715,5.5000,15.0000,0.0000,20.6493,6.5226,9.7376,41.6069,-1.4415
0.02,21.9546,2.0290,23.9771,4.2615,-10.7853,-52.2548,22.3815,5.5000,15.0000,0.0000,20.7840,6.7383,10.7818,52.2087,-1.4194
0.02,21.9725,1.9205,24.0575,4.0202,-12.0649,-63.9772,22.4915,5.5000,15.0000,0.0000,20.9236,6.9795,12.0601,63.9164,-1.3931
0.02,21.9936,1.8125,24.1325,3.7483,-13.5952,-76.5169,22.6015,5.5000,15.0000,0.0000,21.0687,7.2512,13.5889,76.4362,-1.3620
0.02,22.0183,1.7053,24.2013,3.4408,-15.3757,-89.0235,22.7115,5.5000,15.0000,0.0000,21.2198,7.5586,15.3672,88.9175,-1.3254
0.02,22.0473,1.5992,24.2632,3.0934,-17.3690,-99.6648,22.8215,5.5000,15.0000,0.0000,21.3779,7.9057,17.3578,99.5277,-1.2826
0.02,22.0811,1.4945,24.3173,2.7040,-19.4693,-105.0185,22.9315,5.5000,15.0000,0.0000,21.5438,8.2948,19.4547,104.8468,-1.2329
0.02,22.1204,1.3918,24.3628,2.2749,-21.4571,-99.3885,23.0415,5.5000,15.0000,0.0000,21.7183,8.7236,21.4384,99.1868,-1.1756
0.02,22.1660,1.2918,24.3991,1.8160,-22.9470,-74.4923,23.1515,5.5000,15.0000,0.0000,21.9020,9.1821,22.9240,74.2800,-1.1101
0.02,22.2184,1.1951,24.4261,1.3488,-23.3586,-20.5841,23.2615,5.5000,15.0000,0.0000,22.0949,9.6487,23.3322,20.4069,-1.0363
0.02,22.2782,1.1028,24.4442,0.9094,-21.9715,69.3560,23.3715,5.5000,15.0000,0.0000,22.2967,10.0876,21.9437,-69.4226,-0.9547
0.02,22.3456,1.0159,24.4552,0.5466,-18.1392,191.6154,23.4815,5.5000,15.0000,0.0000,22.5057,10.4499,18.1141,-191.4814,-0.8666
0.02,22.4206,0.9354,24.4614,0.3132,-11.6700,323.4585,23.5915,5.5000,15.0000,0.0000,22.7193,10.6829,11.6527,-323.0683,-0.7744
0.02,22.5027,0.8623,24.4664,0.2495,-3.1847,424.2691,23.7015,5.5000,15.0000,0.0000,22.9343,10.7465,3.1797,-423.6499,-0.6811
0.02,22.5912,0.7970,24.4738,0.3674,5.8954,454.0056,23.8115,5.5000,15.0000,0.0000,23.1468,10.6288,-5.8864,-453.3054,-0.5898
0.02,22.6851,0.7399,24.4867,0.6451,13.8880,399.6253,23.9215,5.5000,15.0000,0.0000,23.3539,10.3514,-13.8677,-399.0668,-0.5035
0.02,22.7835,0.6908,24.5074,1.0369,19.5865,284.9291,24.0315,5.5000,15.0000,0.0000,23.5531,9.9602,-19.5601,-284.6176,-0.4242
0.02,22.8853,0.6492,24.5372,1.4898,22.6467,153.0098,24.1415,5.5000,15.0000,0.0000,23.7432,9.5079,-22.6190,-152.9443,-0.3529
0.02,22.9897,0.6145,24.5764,1.9588,23.4473,40.0297,24.2515,5.5000,15.0000,0.0000,23.9240,9.0394,-23.4217,-40.1376,-0.2900
0.02,23.0959,0.5860,24.6246,2.4126,22.6921,-37.7589,24.3615,5.5000,15.0000,0.0000,24.0957,8.5860,-22.6704,37.5661,-0.2351
0.02,23.2035,0.5630,24.6813,2.8341,21.0728,-80.9660,24.4715,5.5000,15.0000,0.0000,24.2590,8.1649,-21.0553,80.7550,-0.1877
0.02,23.3120,0.5448,24.7456,3.2163,19.1111,-98.0884,24.5815,5.5000,15.0000,0.0000,24.4147,7.7830,-19.0974,97.8957,-0.1471
0.02,23.4210,0.5306,24.8168,3.5591,17.1389,-98.6078,24.6915,5.5000,15.0000,0.0000,24.5635,7.4404,-17.1284,98.4474,-0.1126
0.02,23.5305,0.5199,24.8941,3.8659,15.3402,-89.9341,24.8015,5.5000,15.0000,0.0000,24.7062,7.1338,-15.3323,89.8070,-0.0835
0.02,23.6402,0.5120,24.9770,4.1419,13.8026,-76.8811,24.9115,5.5000,15.0000,0.0000,24.8433,6.8578,-13.7966,76.7832,-0.0594
0.02,23.7501,0.5066,25.0648,4.3931,12.5593,-62.1636,25.0215,5.5000,15.0000,0.0000,24.9755,6.6067,-12.5548,62.0888,-0.0397
0.02,23.8600,0.5032,25.1574,4.6255,11.6181,-47.0637,25.1315,5.5000,15.0000,0.0000,25.1030,6.3744,-11.6147,47.0062,-0.0242
0.02,23.9700,0.5012,25.2543,4.8450,10.9789,-31.9567,25.2415,5.5000,15.0000,0.0000,25.2261,6.1549,-10.9765,31.9117,-0.0125
0.02,24.0800,0.5003,25.3554,5.0580,10.6461,-16.6394,25.3515,5.5000,15.0000,0.0000,25.3449,5.9420,-10.6444,16.6024,-0.0047
0.02,24.1840,0.5000,25.4550,4.9776,-4.0166,-733.1366,25.4555,5.2000,-15.0000,0.0000,25.4534,5.4224,-25.9823,-766.8942,-0.0007
0.02,24.2500,0.5000,25.5201,3.2587,-85.9468,-4096.5105,25.5215,4.9000,-15.0000,0.0000,25.5201,3.3390,-104.1660,-3909.1835,0.0000
0.02,24.3540,0.5000,25.6244,5.2134,97.7337,9184.0234,25.6255,5.2000,15.0000,0.0000,25.6239,5.1866,92.3795,9827.2740,-0.0002
0.02,24.4640,0.4999,25.7349,5.5261,15.6358,-4104.8945,25.7355,5.5000,15.0000,0.0000,25.7333,5.4739,14.3642,-3900.7629,-0.0007
0.02,24.5740,0.4998,25.8452,5.5131,-0.6471,-814.1449,25.8455,5.5000,15.0000,0.0000,25.8431,5.4869,0.6471,-685.8548,-0.0009
0.02,24.6840,0.4998,25.9547,5.4764,-1.8355,-59.4191,25.9555,5.5000,15.0000,0.0000,25.9536,5.5236,1.8355,59.4188,-0.0005
0.02,24.7940,0.4998,26.0631,5.4176,-2.9408,-55.2648,26.0655,5.5000,15.0000,0.0000,26.0652,5.5824,2.9408,55.2627,0.0009
0.02,24.9040,0.5000,26.1698,5.3379,-3.9878,-52.3498,26.1755,5.5000,15.0000,0.0000,26.1784,5.6621,3.9877,52.3450,0.0038
0.02,25.0140,0.5007,26.2746,5.2377,-5.0089,-51.0569,26.2855,5.5000,15.0000,0.0000,26.2937,5.7623,5.0086,51.0486,0.0085
0.02,25.1240,0.5020,26.3769,5.1168,-6.0426,-51.6824,26.3955,5.5000,15.0000,0.0000,26.4114,5.8832,6.0420,51.6696,0.0153
0.02,25.2340,0.5041,26.4764,4.9742,-7.1323,-54.4851,26.5055,5.5000,15.0000,0.0000,26.5319,6.0258,7.1314,54.4665,0.0247
0.02,25.3439,0.5075,26.5726,4.8076,-8.3268,-59.7239,26.6155,5.5000,15.0000,0.0000,26.6557,6.1923,8.3253,59.6974,0.0370
0.02,25.4538,0.5124,26.6648,4.6140,-9.6803,-67.6762,26.7255,5.5000,15.0000,0.0000,26.7834,6.3859,9.6781,67.6390,0.0527
0.02,25.5636,0.5192,26.7526,4.3890,-11.2528,-78.6240,26.8355,5.5000,15.0000,0.0000,26.9156,6.6108,11.2495,78.5719,0.0725
0.02,25.6732,0.5285,26.8351,4.1268,-13.1084,-92.7798,26.9455,5.5000,15.0000,0.0000,27.0531,6.8729,13.1037,92.7068,0.0969
0.02,25.7825,0.5407,26.9116,3.8206,-15.3103,-110.0978,27.0555,5.5000,15.0000,0.0000,27.1967,7.1790,15.3036,109.9953,0.1267
0.02,25.8914,0.5565,26.9808,3.4624,-17.9078,-129.8729,27.1655,5.5000,15.0000,0.0000,27.3474,7.5370,17.8982,129.7296,0.1629
0.02,25.9995,0.5767,27.0417,3.0443,-20.9072,-149.9690,27.2755,5.5000,15.0000,0.0000,27.5065,7.9548,20.8936,149.7712,0.2066
0.02,26.1065,0.6019,27.0929,2.5600,-24.2168,-165.4842,27.3855,5.5000,15.0000,0.0000,27.6753,8.4388,24.1980,165.2190,0.2589
0.02,26.2120,0.6333,27.1331,2.0089,-27.5529,-166.8046,27.4955,5.5000,15.0000,0.0000,27.8551,8.9893,27.5273,166.4692,0.3209
0.02,26.3150,0.6717,27.1611,1.4028,-30.3076,-137.7343,27.6055,5.5000,15.0000,0.0000,28.0470,9.5948,30.2744,137.3551,0.3938
0.02,26.4148,0.7180,27.1766,0.7741,-31.4342,-56.3295,27.7155,5.5000,15.0000,0.0000,28.2514,10.2227,31.3943,55.9950,0.4778
0.02,26.5100,0.7730,27.1803,0.1838,-29.5118,96.1230,27.8255,5.5000,15.0000,0.0000,28.4677,10.8121,29.4706,-96.1871,0.5723
0.02,26.5992,0.8372,27.1859,0.2813,4.8721,1719.1908,27.9355,5.5000,15.0000,0.0000,28.6932,11.2764,23.2149,-312.7864,0.6751
0.02,26.6813,0.9104,27.1965,0.5306,12.4670,379.7462,28.0455,5.5000,15.0000,0.0000,28.9237,11.5253,12.4464,-538.4241,0.7823
0.02,26.7550,0.9920,27.2067,0.5087,-1.0982,-678.2586,28.1555,5.5000,15.0000,0.0000,29.1538,11.5034,-1.0963,-677.1348,0.8891
0.02,26.8198,1.0808,27.2112,0.2242,-14.2214,-656.1600,28.2655,5.5000,15.0000,0.0000,29.3782,11.2195,-14.1983,-655.0975,0.9909
0.02,26.8756,1.1755,27.2163,0.2548,1.5265,787.3955,28.3755,5.5000,15.0000,0.0000,29.5930,10.7413,-23.9080,-485.4856,1.0841
0.02,26.9229,1.2748,27.2330,0.8361,29.0677,1377.0588,28.4855,5.5000,15.0000,0.0000,29.7962,10.1607,-29.0271,-255.9578,1.1670
0.02,26.9623,1.3775,27.2618,1.4395,30.1708,55.1540,28.5955,5.5000,15.0000,0.0000,29.9874,9.5581,-30.1329,-55.2892,1.2392
0.02,26.9948,1.4826,27.3020,2.0125,28.6478,-76.1470,28.7055,5.5000,15.0000,0.0000,30.1671,8.9858,-28.6166,75.8137,1.3012
0.02,27.0212,1.5893,27.3526,2.5292,25.8361,-140.5848,28.8155,5.5000,15.0000,0.0000,30.3365,8.4695,-25.8120,140.2299,1.3540
0.02,27.0424,1.6973,27.4123,2.9823,22.6561,-159.0009,28.9255,5.5000,15.0000,0.0000,30.4968,8.0168,-22.6381,158.6943,1.3988
0.02,27.0591,1.8060,27.4798,3.3747,19.6183,-151.8895,29.0355,5.5000,15.0000,0.0000,30.6493,7.6247,-19.6052,151.6493,1.4365
0.02,27.0721,1.9152,27.5540,3.7137,16.9521,-133.3115,29.1455,5.5000,15.0000,0.0000,30.7950,7.2858,-16.9425,133.1325,1.4683
0.02,27.0818,2.0248,27.6342,4.0083,14.7282,-111.1970,29.2555,5.5000,15.0000,0.0000,30.9348,6.9914,-14.7212,111.0667,1.4948
0.02,27.0889,2.1345,27.7195,4.2671,12.9412,-89.3464,29.3655,5.5000,15.0000,0.0000,31.0695,6.7327,-12.9361,89.2522,1.5167
0.02,27.0939,2.2444,27.8095,4.4983,11.5574,-69.1924,29.4755,5.5000,15.0000,0.0000,31.1995,6.5016,-11.5536,69.1242,1.5345
0.02,27.0970,2.3544,27.9037,4.7090,10.5388,-50.9317,29.5855,5.5000,15.0000,0.0000,31.3254,6.2909,-10.5360,50.8815,1.5486
0.02,27.0989,2.4644,28.0018,4.9062,9.8559,-34.1409,29.6955,5.5000,15.0000,0.0000,31.4472,6.0938,-9.8540,34.1029,1.5591
0.02,27.0997,2.5744,28.1037,5.0961,9.4947,-18.0603,29.8055,5.5000,15.0000,0.0000,31.5653,5.9039,-9.4934,18.0301,1.5663
0.02,27.1000,2.6844,28.2094,5.2853,9.4613,-1.6727,29.9155,5.5000,15.0000,0.0000,31.6796,5.7147,-9.4604,1.6465,1.5701
0.02,27.1000,2.7944,28.3184,5.4500,8.2338,-61.3717,30.0255,5.5000,15.0000,0.0000,31.7906,5.5500,-8.2335,61.3457,1.5710
0.02,27.0998,2.9044,28.4253,5.3428,-5.3576,-679.5710,30.1355,5.5000,15.0000,0.0000,31.9037,5.6572,5.3574,679.5462,1.5738
0.02,27.0992,3.0143,28.5288,5.1745,-8.4166,-152.9493,30.2455,5.5000,15.0000,0.0000,32.0203,5.8255,8.4160,152.9285,1.5796
0.02,27.0978,3.1243,28.6289,5.0076,-8.3427,3.6923,30.3555,5.5000,15.0000,0.0000,32.1401,5.9923,8.3417,-3.7123,1.5884
0.02,27.0952,3.2343,28.7257,4.8375,-8.5051,-8.1192,30.4655,5.5000,15.0000,0.0000,32.2633,6.1624,8.5037,8.0975,1.6001
0.02,27.0912,3.3442,28.8189,4.6597,-8.8909,-19.2879,30.5755,5.5000,15.0000,0.0000,32.3902,6.3402,8.8889,19.2622,1.6151
0.02,27.0854,3.4541,28.9083,4.4697,-9.4990,-30.4045,30.6855,5.5000,15.0000,0.0000,32.5208,6.5301,9.4964,30.3726,1.6334
0.02,27.0773,3.5638,28.9935,4.2630,-10.3366,-41.8844,30.7955,5.5000,15.0000,0.0000,32.6555,6.7368,10.3333,41.8435,1.6554
0.02,27.0666,3.6733,29.0742,4.0347,-11.4157,-53.9509,30.9055,5.5000,15.0000,0.0000,32.7948,6.9650,11.4112,53.8972,1.6814
0.02,27.0529,3.7824,29.1498,3.7798,-12.7466,-66.5459,31.0155,5.5000,15.0000,0.0000,32.9392,7.2198,12.7407,66.4754,1.7120
0.02,27.0355,3.8910,29.2197,3.4932,-14.3295,-79.1442,31.1255,5.5000,15.0000,0.0000,33.0893,7.5063,14.3217,79.0515,1.7477
0.02,27.0140,3.9989,29.2831,3.1704,-16.1380,-90.4273,31.2355,5.5000,15.0000,0.0000,33.2459,7.8288,16.1279,90.3075,1.7891
0.02,26.9876,4.1057,29.3393,2.8085,-18.0939,-97.7938,31.3455,5.5000,15.0000,0.0000,33.4097,8.1904,18.0807,97.6428,1.8369
0.02,26.9559,4.2110,29.3874,2.4079,-20.0289,-96.7499,31.4555,5.5000,15.0000,0.0000,33.5815,8.5907,20.0121,96.5692,1.8919
0.02,26.9180,4.3142,29.4269,1.9752,-21.6381,-80.4590,31.5655,5.5000,15.0000,0.0000,33.7620,9.0230,21.6173,80.2613,1.9546
0.02,26.8733,4.4147,29.4575,1.5263,-22.4418,-40.1890,31.6755,5.5000,15.0000,0.0000,33.9514,9.4714,22.4175,40.0072,2.0252
0.02,26.8212,4.5116,29.4793,1.0903,-21.8014,32.0215,31.7855,5.5000,15.0000,0.0000,34.1495,9.9069,21.7750,-32.1270,2.1036
0.02,26.7615,4.6039,29.4935,0.7092,-19.0556,137.2914,31.8955,5.5000,15.0000,0.0000,34.3553,10.2875,19.0302,-137.2396,2.1888
0.02,26.6938,4.6905,29.5021,0.4328,-13.8198,261.7881,32.0055,5.5000,15.0000,0.0000,34.5666,10.5635,13.8000,-261.5099,2.2788
0.02,26.6185,4.7707,29.5082,0.3057,-6.3533,373.3237,32.1155,5.5000,15.0000,0.0000,34.7804,10.6903,6.3437,-372.8114,2.3712
0.02,26.5362,4.8436,29.5153,0.3514,2.2825,431.7944,32.2255,5.5000,15.0000,0.0000,34.9933,10.6448,-2.2790,-431.1389,2.4627
0.02,26.4476,4.9088,29.5265,0.5620,10.5308,412.4125,32.3355,5.5000,15.0000,0.0000,35.2019,10.4345,-10.5152,-411.8093,2.5505
0.02,26.3538,4.9662,29.5445,0.9020,16.9986,323.3886,32.4455,5.5000,15.0000,0.0000,35.4038,10.0950,-16.9750,-322.9891,2.6322
0.02,26.2559,5.0162,29.5710,1.3219,20.9960,199.8700,32.5555,5.5000,15.0000,0.0000,35.5974,9.6756,-20.9693,-199.7130,2.7065
0.02,26.1546,5.0591,29.6065,1.7741,22.6093,80.6644,32.6655,5.5000,15.0000,0.0000,35.7818,9.2239,-22.5834,-80.7059,2.7727
0.02,26.0509,5.0957,29.6509,2.2221,22.4022,-10.3513,32.7755,5.5000,15.0000,0.0000,35.9574,8.7763,-22.3795,10.1932,2.8310
0.02,25.9453,5.1266,29.7038,2.6432,21.0554,-67.3426,32.8855,5.5000,15.0000,0.0000,36.1245,8.3556,-21.0367,67.1420,2.8818
0.02,25.8384,5.1524,29.7643,3.0261,19.1415,-95.6955,32.9955,5.5000,15.0000,0.0000,36.2839,7.9730,-19.1267,95.4993,2.9258
0.02,25.7305,5.1739,29.8316,3.3672,17.0542,-104.3607,33.1055,5.5000,15.0000,0.0000,36.4366,7.6322,-17.0429,104.1909,2.9637
0.02,25.6220,5.1916,29.9050,3.6677,15.0257,-101.4277,33.2155,5.5000,15.0000,0.0000,36.5832,7.3318,-15.0171,101.2904,2.9962
0.02,25.5129,5.2059,29.9836,3.9311,13.1719,-92.6881,33.3255,5.5000,15.0000,0.0000,36.7246,7.0685,-13.1654,92.5812,3.0241
0.02,25.4035,5.2175,30.0668,4.1618,11.5370,-81.7482,33.4355,5.5000,15.0000,0.0000,36.8613,6.8379,-11.5321,81.6667,3.0479
0.02,25.2939,5.2266,30.1541,4.3643,10.1245,-70.6220,33.5455,5.5000,15.0000,0.0000,36.9941,6.6355,-10.1209,70.5605,3.0681
0.02,25.1842,5.2338,30.2450,4.5427,8.9183,-60.3122,33.6555,5.5000,15.0000,0.0000,37.1232,6.4572,-8.9156,60.2660,3.0851
0.02,25.0743,5.2392,30.3390,4.7006,7.8936,-51.2359,33.7655,5.5000,15.0000,0.0000,37.2492,6.2993,-7.8916,51.2012,3.0993
0.02,24.9644,5.2431,30.4358,4.8410,7.0236,-43.4974,33.8755,5.5000,15.0000,0.0000,37.3724,6.1589,-7.0221,43.4712,3.1111
0.02,24.8544,5.2460,30.5351,4.9667,6.2826,-37.0495,33.9855,5.5000,15.0000,0.0000,37.4930,6.0333,-6.2815,37.0295,3.1205
0.02,24.7444,5.2478,30.6367,5.0796,5.6470,-31.7836,34.0955,5.5000,15.0000,0.0000,37.6114,5.9203,-5.6462,31.7683,3.1280
0.02,24.6344,5.2490,30.7404,5.1815,5.0954,-27.5770,34.2055,5.5000,15.0000,0.0000,37.7278,5.8184,-5.0949,27.5653,3.1337
0.02,24.5244,5.2496,30.8458,5.2737,4.6091,-24.3162,34.3155,5.5000,15.0000,0.0000,37.8423,5.7263,-4.6087,24.3071,3.1377
0.02,24.4144,5.2499,30.9530,5.3571,4.1710,-21.9063,34.4255,5.5000,15.0000,0.0000,37.9552,5.6429,-4.1707,21.8993,3.1402
0.02,24.3044,5.2500,31.0616,5.4325,3.7655,-20.2741,34.5355,5.5000,15.0000,0.0000,38.0665,5.5675,-3.7654,20.2687,3.1414
0.02,24.1944,5.2500,31.1724,5.5365,5.2035,71.9025,34.6455,5.5000,15.0000,0.0000,38.1758,5.4635,-5.2035,-71.9069,3.1408
0.02,24.0844,5.2498,31.2779,5.2793,-12.8619,-903.2713,34.7555,5.5000,15.0000,0.0000,38.2902,5.7207,12.8615,903.2524,3.1447
0.02,23.9744,5.2489,31.3793,5.0664,-10.6428,110.9563,34.8655,5.5000,15.0000,0.0000,38.4089,5.9335,10.6418,-110.9891,3.1524
0.02,23.8644,5.2470,31.4763,4.8537,-10.6390,0.1865,34.9755,5.5000,15.0000,0.0000,38.5318,6.1463,10.6374,-0.2192,3.1639
0.02,23.7545,5.2435,31.5690,4.6345,-10.9593,-16.0158,35.0855,5.5000,15.0000,0.0000,38.6591,6.3654,10.9570,15.9790,3.1793
0.02,23.6446,5.2382,31.6571,4.4027,-11.5864,-31.3519,35.1955,5.5000,15.0000,0.0000,38.7911,6.5971,11.5831,31.3073,3.1988
0.02,23.5349,5.2305,31.7401,4.1524,-12.5156,-46.4606,35.3055,5.5000,15.0000,0.0000,38.9280,6.8473,12.5112,46.4037,3.2228
0.02,23.4254,5.2199,31.8177,3.8775,-13.7469,-61.5640,35.4155,5.5000,15.0000,0.0000,39.0705,7.1221,13.7410,61.4899,3.2516
0.02,23.3163,5.2059,31.8891,3.5720,-15.2732,-76.3152,35.5255,5.5000,15.0000,0.0000,39.2190,7.4274,15.2653,76.2183,3.2859
0.02,23.2078,5.1878,31.9537,3.2308,-17.0627,-89.4775,35.6355,5.5000,15.0000,0.0000,39.3744,7.7685,17.0524,89.3515,3.3262
0.02,23.1002,5.1650,32.0108,2.8502,-19.0309,-98.4059,35.7455,5.5000,15.0000,0.0000,39.5373,8.1488,19.0173,98.2468,3.3733
0.02,22.9939,5.1368,32.0594,2.4302,-20.9985,-98.3834,35.8555,5.5000,15.0000,0.0000,39.7087,8.5685,20.9811,98.1914,3.4279
0.02,22.8895,5.1023,32.0989,1.9774,-22.6406,-82.1043,35.9655,5.5000,15.0000,0.0000,39.8891,9.0208,22.6190,81.8932,3.4905
0.02,22.7875,5.0610,32.1291,1.5085,-23.4432,-40.1321,36.0755,5.5000,15.0000,0.0000,40.0789,9.4892,23.4177,39.9376,3.5615
0.02,22.6890,5.0122,32.1502,1.0541,-22.7197,36.1795,36.1855,5.5000,15.0000,0.0000,40.2778,9.9430,22.6920,-36.2895,3.6405
0.02,22.5948,4.9554,32.1633,0.6589,-19.7608,147.9412,36.2955,5.5000,15.0000,0.0000,40.4845,10.3377,19.7345,-147.8707,3.7265
0.02,22.5061,4.8905,32.1708,0.3756,-14.1663,279.7286,36.4055,5.5000,15.0000,0.0000,40.6969,10.6207,14.1469,-279.3806,3.8176
0.02,22.4237,4.8177,32.1759,0.2507,-6.2458,396.0238,36.5155,5.5000,15.0000,0.0000,40.9119,10.7454,6.2390,-395.3980,3.9110
0.02,22.3484,4.7375,32.1820,0.3071,2.8209,453.3326,36.6255,5.5000,15.0000,0.0000,41.1256,10.6891,-2.8158,-452.7365,4.0033
0.02,22.2807,4.6509,32.1927,0.5343,11.3600,426.9580,36.7355,5.5000,15.0000,0.0000,41.3349,10.4622,-11.3447,-426.4495,4.0916
0.02,22.2207,4.5587,32.2105,0.8929,17.9290,328.4482,36.8455,5.5000,15.0000,0.0000,41.5370,10.1041,-17.9054,-328.0334,4.1735
0.02,22.1679,4.4622,32.2371,1.3302,21.8687,196.9853,36.9555,5.5000,15.0000,0.0000,41.7303,9.6673,-21.8417,-196.8153,4.2476
0.02,22.1221,4.3623,32.2731,1.7971,23.3434,73.7368,37.0655,5.5000,15.0000,0.0000,41.9143,9.2009,-23.3173,-73.7804,4.3134
0.02,22.0825,4.2596,32.3182,2.2569,22.9896,-17.6910,37.1755,5.5000,15.0000,0.0000,42.0892,8.7416,-22.9668,17.5262,4.3711
0.02,22.0485,4.1550,32.3720,2.6875,21.5305,-72.9577,37.2855,5.5000,15.0000,0.0000,42.2554,8.3114,-21.5118,72.7515,4.4211
0.02,22.0194,4.0490,32.4335,3.0786,19.5538,-98.8319,37.3955,5.5000,15.0000,0.0000,42.4138,7.9206,-19.5391,98.6326,4.4641
0.02,21.9945,3.9418,32.5021,3.4276,17.4526,-105.0588,37.5055,5.5000,15.0000,0.0000,42.5652,7.5718,-17.4414,104.8880,4.5009
0.02,21.9733,3.8339,32.5768,3.7367,15.4523,-100.0179,37.6155,5.5000,15.0000,0.0000,42.7105,7.2629,-15.4438,99.8805,4.5323
0.02,21.9552,3.7254,32.6570,4.0099,13.6621,-89.5085,37.7255,5.5000,15.0000,0.0000,42.8503,6.9898,-13.6557,89.4022,4.5588
0.02,21.9398,3.6165,32.7421,4.2523,12.1215,-77.0319,37.8355,5.5000,15.0000,0.0000,42.9852,6.7474,-12.1167,76.9508,4.5810
0.02,21.9265,3.5073,32.8315,4.4690,10.8321,-64.4713,37.9455,5.5000,15.0000,0.0000,43.1159,6.5309,-10.8285,64.4101,4.5993
0.02,21.9151,3.3979,32.9247,4.6645,9.7779,-52.7070,38.0555,5.5000,15.0000,0.0000,43.2426,6.3354,-9.7753,52.6607,4.6141
0.02,21.9051,3.2883,33.0216,4.8433,8.9370,-42.0480,38.1655,5.5000,15.0000,0.0000,43.3657,6.1567,-8.9350,42.0126,4.6258
0.02,21.8963,3.1787,33.1218,5.0090,8.2869,-32.5009,38.2755,5.5000,15.0000,0.0000,43.4855,5.9909,-8.2856,32.4733,4.6345
0.02,21.8882,3.0690,33.2251,5.1652,7.8085,-23.9242,38.3855,5.5000,15.0000,0.0000,43.6022,5.8348,-7.8075,23.9022,4.6405
0.02,21.8806,2.9593,33.3314,5.3149,7.4862,-16.1120,38.4955,5.5000,15.0000,0.0000,43.7159,5.6851,-7.4856,16.0935,4.6438
0.02,21.8733,2.8495,33.4406,5.4611,7.3095,-8.8342,38.6055,5.5000,15.0000,0.0000,43.8267,5.5389,-7.3093,8.8180,4.6445
0.02,21.8659,2.7398,33.5527,5.6066,7.2724,-1.8554,38.7155,5.5000,15.0000,0.0000,43.9346,5.3934,-7.2725,1.8401,4.6426
0.02,21.8581,2.6300,33.6678,5.7540,7.3736,5.0598,38.8255,5.5000,15.0000,0.0000,44.0395,5.2460,-7.3740,-5.0755,4.6381
0.02,21.8497,2.5203,33.7860,5.9064,7.6165,12.1467,38.9355,5.5000,15.0000,0.0000,44.1413,5.0936,-7.6173,-12.1638,4.6308
0.02,21.8404,2.4107,33.9073,6.0665,8.0094,19.6408,39.0455,5.5000,15.0000,0.0000,44.2400,4.9334,-8.0105,-19.6607,4.6208
0.02,21.8298,2.3013,34.0320,6.2378,8.5649,27.7760,39.1555,5.5000,15.0000,0.0000,44.3353,4.7621,-8.5665,-27.8004,4.6076
0.02,21.8176,2.1919,34.1605,6.4238,9.3004,36.7740,39.2655,5.5000,15.0000,0.0000,44.4268,4.5760,-9.3026,-36.8049,4.5912
0.02,21.8034,2.0829,34.2931,6.6286,10.2367,46.8173,39.3755,5.5000,15.0000,0.0000,44.5142,4.3712,-10.2397,-46.8574,4.5712
0.02,21.7867,1.9741,34.4302,6.8565,11.3965,57.9917,39.4855,5.5000,15.0000,0.0000,44.5971,4.1432,-11.4006,-58.0444,4.5470
0.02,21.7673,1.8659,34.5725,7.1125,12.8000,70.1741,39.5955,5.5000,15.0000,0.0000,44.6748,3.8871,-12.8055,-70.2437,4.5184
0.02,21.7444,1.7583,34.7205,7.4016,14.4567,82.8314,39.7055,5.5000,15.0000,0.0000,44.7468,3.5978,-14.4640,-82.9235,4.4846
0.02,21.7176,1.6516,34.8751,7.7287,16.3503,94.6823,39.8155,5.5000,15.0000,0.0000,44.8122,3.2706,-16.3600,-94.8025,4.4449
0.02,21.6863,1.5462,35.0370,8.0969,18.4139,103.1786,39.9255,5.5000,15.0000,0.0000,44.8702,2.9021,-18.4267,-103.3315,4.3987
0.02,21.6498,1.4424,35.2072,8.5067,20.4905,103.8335,40.0355,5.5000,15.0000,0.0000,44.9201,2.4920,-20.5070,-104.0190,4.3453
0.02,21.6074,1.3409,35.3862,8.9524,22.2833,89.6386,40.1455,5.5000,15.0000,0.0000,44.9610,2.0459,-22.3039,-89.8453,4.2839
0.02,21.5585,1.2424,35.5746,9.4186,23.3093,51.2998,40.2555,5.5000,15.0000,0.0000,44.9926,1.5792,-23.3338,-51.4948,4.2142
0.02,21.5024,1.1479,35.7721,9.8767,22.9033,-20.3005,40.3655,5.5000,15.0000,0.0000,45.0150,1.1206,-22.9302,20.1804,4.1363
0.02,21.4388,1.0581,35.9778,10.2836,20.3449,-127.9200,40.4755,5.5000,15.0000,0.0000,45.0292,0.7132,-20.3709,127.9652,4.0512
0.02,21.3675,0.9744,36.1895,10.5869,15.1654,-258.9760,40.5855,5.5000,15.0000,0.0000,45.0374,0.4095,-15.1856,259.2648,3.9607
0.02,21.2889,0.8975,36.4043,10.7379,7.5537,-380.5849,40.6955,5.5000,15.0000,0.0000,45.0426,0.2582,-7.5642,381.0704,3.8675
0.02,21.2034,0.8283,36.6185,10.7093,-1.4307,-449.2202,40.8055,5.5000,15.0000,0.0000,45.0483,0.2868,1.4307,449.7442,3.7749
0.02,21.1120,0.7672,36.8286,10.5064,-10.1454,-435.7315,40.9155,5.5000,15.0000,0.0000,45.0581,0.4900,10.1584,436.3883,3.6858
0.02,21.0157,0.7141,37.0319,10.1650,-17.0707,-346.2697,41.0255,5.5000,15.0000,0.0000,45.0748,0.8318,17.0941,346.7829,3.6028
0.02,20.9155,0.6689,37.2266,9.7365,-21.4236,-217.6433,41.1355,5.5000,15.0000,0.0000,45.1000,1.2609,21.4511,217.8524,3.5275
0.02,20.8123,0.6309,37.4120,9.2712,-23.2663,-92.1357,41.2455,5.5000,15.0000,0.0000,45.1345,1.7267,23.2933,92.1093,3.4604
0.02,20.7069,0.5994,37.5882,8.8074,-23.1916,3.7381,41.3555,5.5000,15.0000,0.0000,45.1783,2.1910,23.2154,-3.8979,3.4016
0.02,20.5999,0.5738,37.7556,8.3688,-21.9266,63.2473,41.4655,5.5000,15.0000,0.0000,45.2309,2.6300,21.9463,-63.4558,3.3505
0.02,20.4919,0.5532,37.9149,7.9671,-20.0856,92.0533,41.5755,5.5000,15.0000,0.0000,45.2916,3.0320,20.1011,-92.2584,3.3067
0.02,20.3831,0.5371,38.0670,7.6053,-18.0909,99.7321,41.6855,5.5000,15.0000,0.0000,45.3595,3.3940,18.1029,-99.9095,3.2692
0.02,20.2738,0.5248,38.2126,7.2814,-16.1932,94.8849,41.7955,5.5000,15.0000,0.0000,45.4338,3.7181,16.2023,-95.0283,3.2376
0.02,20.1641,0.5156,38.3525,6.9910,-14.5217,83.5765,41.9055,5.5000,15.0000,0.0000,45.5140,4.0087,14.5286,-83.6881,3.2110
0.02,20.0543,0.5090,38.4870,6.7284,-13.1322,69.4730,42.0155,5.5000,15.0000,0.0000,45.5994,4.2714,13.1374,-69.5587,3.1892
0.02,19.9444,0.5047,38.6168,6.4875,-12.0425,54.4884,42.1255,5.5000,15.0000,0.0000,45.6897,4.5123,12.0463,-54.5537,3.1716
0.02,19.8345,0.5020,38.7420,6.2624,-11.2546,39.3940,42.2355,5.5000,15.0000,0.0000,45.7844,4.7375,11.2574,-39.4447,3.1581
0.02,19.7245,0.5006,38.8630,6.0470,-10.7697,24.2447,42.3455,5.5000,15.0000,0.0000,45.8835,4.9529,10.7717,-24.2851,3.1484
0.02,19.6145,0.5001,38.9797,5.8351,-10.5974,8.6149,42.4555,5.5000,15.0000,0.0000,45.9868,5.1649,10.5987,-8.6493,3.1424
0.02,19.5105,0.5000,39.0861,5.3190,-25.8055,-760.4052,42.5595,5.2000,-15.0000,0.0000,46.0884,5.0810,-4.1938,-739.6265,3.1403
0.02,19.5000,0.5000,39.0965,0.5248,-239.7081,-10695.1281,42.5700,4.9000,-15.0000,0.0000,46.0988,0.5228,-227.9127,-11185.9434,3.1403
0.02,19.3960,0.5000,39.2005,5.2000,233.7594,23673.3735,42.6740,5.2000,15.0000,0.0000,46.2028,5.2000,233.8614,23088.7029,3.1403
0.02,19.2860,0.5000,39.3105,5.5000,14.9992,-10938.0117,42.7840,5.5000,15.0000,0.0000,46.3128,5.5000,15.0008,-10943.0291,3.1403
0.02,19.1700,0.5000,39.4265,5.8000,14.9995,0.0180,42.9000,5.8000,15.0000,0.0000,46.4288,5.8000,15.0005,-0.0180,3.1403
0.02,19.0480,0.5000,39.5485,6.1000,14.9995,-0.0014,43.0220,6.1000,15.0000,0.0000,46.5508,6.1000,15.0005,0.0014,3.1403
0.02,18.9200,0.5000,39.6765,6.4000,14.9995,-0.0010,43.1500,6.4000,15.0000,0.0000,46.6789,6.4000,15.0005,0.0010,3.1403
0.02,18.7860,0.5000,39.8105,6.6999,14.9995,-0.0005,43.2840,6.7000,15.0000,0.0000,46.8129,6.7001,15.0005,0.0005,3.1403
0.02,18.6460,0.5000,39.9505,6.9999,14.9995,-0.0001,43.4240,7.0000,15.0000,0.0000,46.9529,7.0001,15.0005,0.0001,3.1403
0.02,18.5000,0.5000,40.0965,7.2999,14.9995,0.0004,43.5700,7.3000,15.0000,0.0000,47.0989,7.3001,15.0005,-0.0004,3.1403
0.02,18.3480,0.5000,40.2485,7.5999,14.9995,0.0010,43.7220,7.6000,15.0000,0.0000,47.2509,7.6001,15.0005,-0.0010,3.1403
0.02,18.1900,0.5000,40.4065,7.8999,14.9995,0.0015,43.8800,7.9000,15.0000,0.0000,47.4089,7.9001,15.0005,-0.0015,3.1403
0.02,18.0260,0.5000,40.5705,8.1999,14.9996,0.0021,44.0440,8.2000,15.0000,0.0000,47.5729,8.2001,15.0004,-0.0021,3.1403
0.02,17.8560,0.5000,40.7405,8.4999,14.9996,0.0027,44.2140,8.5000,15.0000,0.0000,47.7429,8.5001,15.0004,-0.0027,3.1403
0.02,17.6800,0.5000,40.9165,8.7999,14.9997,0.0033,44.3900,8.8000,15.0000,0.0000,47.9189,8.8001,15.0003,-0.0033,3.1403
0.02,17.4980,0.5000,41.0985,9.0999,14.9998,0.0038,44.5720,9.1000,15.0000,0.0000,48.1009,9.1001,15.0002,-0.0038,3.1403
0.02,17.3100,0.5000,41.2865,9.3999,14.9999,0.0044,44.7600,9.4000,15.0000,0.0000,48.2889,9.4001,15.0001,-0.0044,3.1403
0.02,17.1160,0.5000,41.4805,9.6999,15.0000,0.0049,44.9540,9.7000,15.0000,0.0000,48.4829,9.7001,15.0000,-0.0049,3.1403
0.02,16.9160,0.5000,41.6805,9.9999,15.0001,0.0054,45.1540,10.0000,15.0000,0.0000,48.6829,10.0001,14.9999,-0.0054,3.1403
0.02,16.7160,0.5000,41.8805,9.9999,0.0004,-749.9862,45.3540,10.0000,15.0000,0.0000,48.8829,10.0001,-0.0004,-750.0138,3.1403
0.02,16.5160,0.5000,42.0805,9.9999,0.0004,0.0040,45.5540,10.0000,15.0000,0.0000,49.0829,10.0001,-0.0004,-0.0040,3.1403
0.02,16.3160,0.5000,42.2805,9.9999,0.0005,0.0035,45.7540,10.0000,15.0000,0.0000,49.2829,10.0001,-0.0005,-0.0035,3.1403
0.02,16.1160,0.5000,42.4805,9.9999,0.0006,0.0031,45.9540,10.0000,15.0000,0.0000,49.4829,10.0001,-0.0006,-0.0031,3.1403
0.02,15.9160,0.5000,42.6805,9.9999,0.0006,0.0026,46.1540,10.0000,15.0000,0.0000,49.6829,10.0001,-0.0006,-0.0026,3.1403
0.02,15.7160,0.5000,42.8805,9.9999,0.0007,0.0022,46.3540,10.0000,15.0000,0.0000,49.8829,10.0001,-0.0007,-0.0022,3.1403
0.02,15.5160,0.5000,43.0805,10.0000,0.0007,0.0017,46.5540,10.0000,15.0000,0.0000,50.0829,10.0000,-0.0007,-0.0017,3.1403
0.02,15.3160,0.5000,43.2805,10.0000,0.0007,0.0013,46.7540,10.0000,15.0000,0.0000,50.2829,10.0000,-0.0007,-0.0013,3.1403
0.02,15.1160,0.5000,43.4805,10.0000,0.0007,0.0008,46.9540,10.0000,15.0000,0.0000,50.4829,10.0000,-0.0007,-0.0008,3.1403
0.02,14.9160,0.5000,43.6805,10.0000,0.0007,0.0004,47.1540,10.0000,15.0000,0.0000,50.6829,10.0000,-0.0007,-0.0004,3.1403
0.02,14.7160,0.5000,43.8805,10.0000,0.0007,-0.0001,47.3540,10.0000,15.0000,0.0000,50.8829,10.0000,-0.0007,0.0001,3.1403
0.02,14.5160,0.5000,44.0805,10.0000,0.0007,-0.0006,47.5540,10.0000,15.0000,0.0000,51.0829,10.0000,-0.0007,0.0006,3.1403
0.02,14.3160,0.5000,44.2805,10.0000,0.0007,-0.0010,47.7540,10.0000,15.0000,0.0000,51.2829,10.0000,-0.0007,0.0010,3.1403
0.02,14.1160,0.5000,44.4805,10.0001,0.0007,-0.0015,47.9540,10.0000,15.0000,0.0000,51.4829,9.9999,-0.0007,0.0015,3.1403
0.02,13.9160,0.5000,44.6805,10.0001,0.0006,-0.0019,48.1540,10.0000,15.0000,0.0000,51.6829,9.9999,-0.0006,0.0019,3.1403
0.02,13.7160,0.5000,44.8805,10.0001,0.0006,-0.0024,48.3540,10.0000,15.0000,0.0000,51.8829,9.9999,-0.0006,0.0024,3.1403
0.02,13.5160,0.5000,45.0805,10.0001,0.0005,-0.0028,48.5540,10.0000,15.0000,0.0000,52.0829,9.9999,-0.0005,0.0028,3.1403
0.02,13.3160,0.5000,45.2805,10.0001,0.0005,-0.0033,48.7540,10.0000,15.0000,0.0000,52.2829,9.9999,-0.0005,0.0033,3.1403
0.02,13.1160,0.5000,45.4805,10.0001,0.0004,-0.0037,48.9540,10.0000,15.0000,0.0000,52.4829,9.9999,-0.0004,0.0037,3.1403
0.02,12.9160,0.5000,45.6805,10.0001,0.0003,-0.0042,49.1540,10.0000,15.0000,0.0000,52.6829,9.9999,-0.0003,0.0042,3.1403
0.02,12.7160,0.5000,45.8805,10.0001,0.0002,-0.0046,49.3540,10.0000,15.0000,0.0000,52.8829,9.9999,-0.0002,0.0046,3.1403
0.02,12.5160,0.5000,46.0805,10.0001,0.0001,-0.0051,49.5540,10.0000,15.0000,0.0000,53.0829,9.9999,-0.0001,0.0051,3.1403
0.02,12.3160,0.5000,46.2805,10.0001,0.0000,-0.0056,49.7540,10.0000,15.0000,0.0000,53.2829,9.9999,0.0000,0.0056,3.1403
0.02,12.1220,0.5000,46.4745,9.7001,-15.0003,-750.0153,49.9480,9.7000,-15.0000,0.0000,53.4769,9.6999,-14.9997,-749.9847,3.1403
0.02,11.9340,0.5000,46.6625,9.4001,-15.0004,-0.0051,50.1360,9.4000,-15.0000,0.0000,53.6649,9.3999,-14.9996,0.0051,3.1403
0.02,11.7520,0.5000,46.8445,9.1001,-15.0005,-0.0045,50.3180,9.1000,-15.0000,0.0000,53.8469,9.0999,-14.9995,0.0045,3.1403
0.02,11.5760,0.5000,47.0205,8.8001,-15.0006,-0.0038,50.4940,8.8000,-15.0000,0.0000,54.0229,8.7999,-14.9994,0.0038,3.1403
0.02,11.4060,0.5000,47.1905,8.5001,-15.0006,-0.0030,50.6640,8.5000,-15.0000,0.0000,54.1929,8.4999,-14.9994,0.0030,3.1403
0.02,11.2420,0.5000,47.3545,8.2001,-15.0007,-0.0023,50.8280,8.2000,-15.0000,0.0000,54.3569,8.1999,-14.9993,0.0023,3.1403
0.02,11.0840,0.5000,47.5125,7.9001,-15.0007,-0.0016,50.9860,7.9000,-15.0000,0.0000,54.5148,7.8999,-14.9993,0.0016,3.1403
0.02,10.9320,0.5000,47.6645,7.6000,-15.0007,-0.0009,51.1380,7.6000,-15.0000,0.0000,54.6668,7.6000,-14.9993,0.0009,3.1403
0.02,10.7860,0.5000,47.8105,7.3000,-15.0007,-0.0002,51.2840,7.3000,-15.0000,0.0000,54.8128,7.3000,-14.9993,0.0002,3.1403
0.02,10.6460,0.5000,47.9505,7.0000,-15.0007,0.0004,51.4240,7.0000,-15.0000,0.0000,54.9528,7.0000,-14.9993,-0.0004,3.1403
0.02,10.5000,0.5000,48.0976,7.3549,17.7423,1637.1530,51.5700,7.3000,15.0000,0.0000,55.0978,7.2451,12.2576,1362.8454,3.1393
0.02,10.3480,0.5005,48.2541,7.8214,23.3259,279.1766,51.7220,7.6000,15.0000,0.0000,55.2453,7.3786,6.6737,-279.1982,3.1354
0.02,10.1900,0.5018,48.4201,8.3022,24.0417,35.7915,51.8800,7.9000,15.0000,0.0000,55.3953,7.4978,5.9571,-35.8279,3.1282
0.02,10.0300,0.5045,48.5917,8.5807,13.9227,-505.9515,52.0400,8.0000,15.0000,0.0000,55.5437,7.4193,-3.9245,-494.0822,3.1179
0.02,9.8701,0.5091,48.7668,8.7527,8.6003,-266.1177,52.2000,8.0000,15.0000,0.0000,55.6886,7.2472,-8.6027,-233.9095,3.1045
0.02,9.7103,0.5161,48.9453,8.9247,8.6016,0.0656,52.3600,8.0000,15.0000,0.0000,55.8301,7.0751,-8.6047,-0.0968,3.0881
0.02,9.5506,0.5260,49.1273,9.0986,8.6972,4.7804,52.5200,8.0000,15.0000,0.0000,55.9681,6.9011,-8.7009,-4.8138,3.0685
0.02,9.3911,0.5392,49.3128,9.2758,8.8565,7.9630,52.6800,8.0000,15.0000,0.0000,56.1026,6.7239,-8.8609,-7.9991,3.0459
0.02,9.2320,0.5563,49.5019,9.4567,9.0453,9.4410,52.8400,8.0000,15.0000,0.0000,56.2335,6.5429,-9.0505,-9.4799,3.0199
0.02,9.0735,0.5778,49.6947,9.6412,9.2234,8.9038,53.0000,8.0000,15.0000,0.0000,56.3606,6.3583,-9.2294,-8.9444,2.9908
0.02,8.9157,0.6041,49.8913,9.8280,9.3421,5.9335,53.1600,8.0000,15.0000,0.0000,56.4841,6.1713,-9.3489,-5.9739,2.9583
0.02,8.7589,0.6359,50.0916,10.0149,9.3434,0.0686,53.3200,8.0000,15.0000,0.0000,56.6037,5.9843,-9.3510,-0.1055,2.9224
0.02,8.6034,0.6735,50.2955,10.1981,9.1617,-9.0871,53.4800,8.0000,15.0000,0.0000,56.7198,5.8009,-9.1698,9.0586,2.8833
0.02,8.4495,0.7173,50.5030,10.3726,8.7277,-21.6975,53.6400,8.0000,15.0000,0.0000,56.8323,5.6262,-8.7362,21.6838,2.8411
0.02,8.2977,0.7679,50.7136,10.5322,7.9781,-37.4843,53.8000,8.0000,15.0000,0.0000,56.9416,5.4664,-7.9863,37.4922,2.7961
0.02,8.1484,0.8254,50.9270,10.6696,6.8676,-55.5227,53.9600,8.0000,15.0000,0.0000,57.0482,5.3289,-6.8751,55.5584,2.7486
0.02,8.0021,0.8901,51.1426,10.7773,5.3849,-74.1379,54.1200,8.0000,15.0000,0.0000,57.1526,5.2211,-5.3910,74.2051,2.6992
0.02,7.8592,0.9620,51.3595,10.8486,3.5645,-91.0156,54.2800,8.0000,15.0000,0.0000,57.2556,5.1497,-3.5688,91.1133,2.6486
0.02,7.7201,1.0411,51.5771,10.8784,1.4926,-103.5945,54.4400,8.0000,15.0000,0.0000,57.3580,5.1199,-1.4945,103.7158,2.5974
0.02,7.5853,1.1272,51.7944,10.8644,-0.7011,-109.6853,54.6000,8.0000,15.0000,0.0000,57.4607,5.1339,0.7019,109.8180,2.5464
0.02,7.4550,1.2201,52.0105,10.8071,-2.8632,-108.1081,54.7600,8.0000,15.0000,0.0000,57.5645,5.1912,2.8666,108.2370,2.4965
0.02,7.3294,1.3192,52.2248,10.7102,-4.8446,-99.0692,54.9200,8.0000,15.0000,0.0000,57.6703,5.2882,4.8502,99.1800,2.4483
0.02,7.2086,1.4241,52.4363,10.5797,-6.5265,-84.0928,55.0800,8.0000,15.0000,0.0000,57.7787,5.4189,6.5337,84.1751,2.4024
0.02,7.0926,1.5342,52.6448,10.4230,-7.8373,-65.5401,55.2400,8.0000,15.0000,0.0000,57.8902,5.5758,7.8455,65.5895,2.3594
0.02,6.9813,1.6491,52.8498,10.2478,-8.7562,-45.9456,55.4000,8.0000,15.0000,0.0000,58.0052,5.7511,8.7648,45.9634,2.3194
0.02,6.8744,1.7682,53.0510,10.0617,-9.3051,-27.4441,55.5600,8.0000,15.0000,0.0000,58.1239,5.9374,9.3135,27.4357,2.2827
0.02,6.7718,1.8910,53.2484,9.8710,-9.5342,-11.4581,55.7200,8.0000,15.0000,0.0000,58.2465,6.1282,9.5421,11.4305,2.2494
0.02,6.6731,2.0169,53.4420,9.6809,-9.5074,1.3426,55.8800,8.0000,15.0000,0.0000,58.3729,6.3185,9.5145,-1.3819,2.2196
0.02,6.5780,2.1456,53.6319,9.4951,-9.2895,10.8956,56.0400,8.0000,15.0000,0.0000,58.5030,6.5044,9.2957,-10.9406,2.1930
0.02,6.4862,2.2766,53.8183,9.3163,-8.9388,17.5337,56.2000,8.0000,15.0000,0.0000,58.6366,6.6833,8.9441,-17.5798,2.1696
0.02,6.3972,2.4095,54.0012,9.1463,-8.5031,21.7851,56.3600,8.0000,15.0000,0.0000,58.7737,6.8535,8.5075,-21.8293,2.1492
0.02,6.3108,2.5442,54.1809,8.9859,-8.0185,24.2279,56.5200,8.0000,15.0000,0.0000,58.9140,7.0139,8.0221,-24.2684,2.1317
0.02,6.2265,2.6802,54.3576,8.8357,-7.5105,25.4021,56.6800,8.0000,15.0000,0.0000,59.0573,7.1642,7.5134,-25.4381,2.1168
0.02,6.1441,2.8174,54.5315,8.6958,-6.9951,25.7687,56.8400,8.0000,15.0000,0.0000,59.2033,7.3041,6.9974,-25.8000,2.1044
0.02,6.0633,2.9554,54.7029,8.5662,-6.4811,25.6990,57.0000,8.0000,15.0000,0.0000,59.3520,7.4338,6.4828,-25.7257,2.0944
0.02,5.9837,3.0942,54.8718,8.4467,-5.9715,25.4805,57.1600,8.0000,15.0000,0.0000,59.5031,7.5532,5.9728,-25.5029,2.0864
0.02,5.9080,3.2283,55.0323,8.0266,-21.0049,-751.6705,57.3140,7.7000,-15.0000,0.0000,59.6505,7.3733,-8.9941,-748.3422,2.0806
0.02,5.8359,3.3576,55.1849,7.6269,-19.9858,50.9569,57.4620,7.4000,-15.0000,0.0000,59.7940,7.1731,-10.0136,-50.9789,2.0766
0.02,5.7671,3.4818,55.3298,7.2452,-19.0840,45.0891,57.6040,7.1000,-15.0000,0.0000,59.9331,6.9548,-10.9157,-45.1029,2.0740
0.02,5.7015,3.6009,55.4674,6.8795,-18.2873,39.8348,57.7400,6.8000,-15.0000,0.0000,60.0675,6.7205,-11.7125,-39.8430,2.0726
0.02,5.6388,3.7148,55.5979,6.5278,-17.5858,35.0773,57.8700,6.5000,-15.0000,0.0000,60.1970,6.4722,-12.4142,-35.0818,2.0721
0.02,5.5791,3.8235,55.7217,6.1883,-16.9715,30.7116,57.9940,6.2000,-15.0000,0.0000,60.3212,6.2117,-13.0285,-30.7138,2.0723
0.02,5.5222,3.9269,55.8389,5.8596,-16.4384,26.6547,58.1120,5.9000,-15.0000,0.0000,60.4400,5.9404,-13.5616,-26.6555,2.0730
0.02,5.4681,4.0249,55.9497,5.5399,-15.9815,22.8491,58.2240,5.6000,-15.0000,0.0000,60.5532,5.6601,-14.0186,-22.8492,2.0741
0.02,5.4168,4.1177,56.0542,5.2280,-15.5962,19.2619,58.3300,5.3000,-15.0000,0.0000,60.6606,5.3720,-14.4038,-19.2617,2.0754
0.02,5.3683,4.2051,56.1527,4.9225,-15.2786,15.8815,58.4300,5.0000,-15.0000,0.0000,60.7622,5.0775,-14.7214,-15.8812,2.0767
0.02,5.3225,4.2873,56.2451,4.6220,-15.0243,12.7129,58.5240,4.7000,-15.0000,0.0000,60.8578,4.7780,-14.9757,-12.7127,2.0781
0.02,5.2796,4.3641,56.3316,4.3254,-14.8289,9.7727,58.6120,4.4000,-15.0000,0.0000,60.9472,4.4746,-15.1711,-9.7725,2.0795
0.02,5.2396,4.4357,56.4123,4.0316,-14.6872,7.0835,58.6940,4.1000,-15.0000,0.0000,61.0306,4.1684,-15.3128,-7.0835,2.0807
0.02,5.2024,4.5019,56.4871,3.7398,-14.5938,4.6702,58.7700,3.8000,-15.0000,0.0000,61.1078,3.8602,-15.4062,-4.6702,2.0817
0.02,5.1680,4.5629,56.5560,3.4489,-14.5427,2.5551,58.8400,3.5000,-15.0000,0.0000,61.1788,3.5511,-15.4573,-2.5552,2.0827
0.02,5.1366,4.6187,56.6192,3.1584,-14.5276,0.7558,58.9040,3.2000,-15.0000,0.0000,61.2437,3.2416,-15.4724,-0.7559,2.0834
0.02,5.1080,4.6692,56.6766,2.8675,-14.5419,-0.7173,58.9620,2.9000,-15.0000,0.0000,61.3023,2.9325,-15.4581,0.7172,2.0840
0.02,5.0825,4.7144,56.7281,2.5759,-14.5792,-1.8617,59.0140,2.6000,-15.0000,0.0000,61.3548,2.6241,-15.4208,1.8617,2.0844
0.02,5.0598,4.7545,56.7737,2.2833,-14.6328,-2.6835,59.0600,2.3000,-15.0000,0.0000,61.4011,2.3167,-15.3672,2.6835,2.0847
0.02,5.0401,4.7893,56.8135,1.9893,-14.6968,-3.1965,59.1000,2.0000,-15.0000,0.0000,61.4413,2.0107,-15.3032,3.1965,2.0849
0.02,5.0233,4.8188,56.8474,1.6940,-14.7652,-3.4219,59.1340,1.7000,-15.0000,0.0000,61.4755,1.7060,-15.2348,3.4219,2.0850
0.02,5.0095,4.8432,56.8754,1.3974,-14.8329,-3.3870,59.1620,1.4000,-15.0000,0.0000,61.5035,1.4026,-15.1671,3.3870,2.0850
0.02,5.0000,4.8600,56.8946,0.9647,-21.6325,-339.9756,59.1813,1.1000,-15.0000,0.0000,61.5228,0.9658,-21.8406,-333.6750,2.0850
0.02,5.0000,4.8600,56.8946,0.0000,-48.2368,-1330.2185,59.1813,0.8000,-15.0000,0.0000,61.5228,0.0000,-48.2902,-1322.4803,2.0850
0.02,5.0000,4.8600,56.8946,0.0000,0.0000,2411.8414,59.1813,0.5000,-15.0000,0.0000,61.5228,0.0000,0.0000,2414.5080,2.0850
0.02,5.0000,4.8600,56.8946,0.0000,0.0000,0.0000,59.1813,0.2000,-15.0000,0.0000,61.5228,0.0000,0.0000,0.0000,2.0850
0.02,5.0000,4.8600,56.8946,0.0000,0.0000,0.0000,59.1813,-0.1000,-15.0000,0.0000,61.5228,0.0000,0.0000,0.0000,2.0850
